{"cameraMode":{"drawMode":0,"name":"Shaded","section":"Shading Mode"},"sceneLighting":true,"audioPlay":false,"sceneViewState":{"m_AlwaysRefresh":false,"showFog":true,"showSkybox":true,"showFlares":true,"showImageEffects":true,"showParticleSystems":true,"showVisualEffectGraphs":true,"m_FxEnabled":true},"in2DMode":false,"pivot":{"x":-7.504454612731934,"y":0.7161768078804016,"z":18.036273956298829},"rotation":{"x":0.4032990336418152,"y":0.13968349993228913,"z":-0.06255011260509491,"w":0.9023786187171936},"size":7.417227745056152,"orthographic":false}