{"cameraMode":{"drawMode":0,"name":"Shaded","section":"Shading Mode"},"sceneLighting":false,"audioPlay":false,"sceneViewState":{"m_AlwaysRefresh":false,"showFog":true,"showSkybox":true,"showFlares":true,"showImageEffects":true,"showParticleSystems":true,"showVisualEffectGraphs":true,"m_FxEnabled":true},"in2DMode":false,"pivot":{"x":-9.365527153015137,"y":0.8886969089508057,"z":17.3995418548584},"rotation":{"x":0.48179298639297488,"y":0.018924202769994737,"z":-0.010465032421052456,"w":0.8760598301887512},"size":7.869559288024902,"orthographic":false}