{"cameraMode":{"drawMode":0,"name":"Shaded","section":"Shading Mode"},"sceneLighting":true,"audioPlay":false,"sceneViewState":{"m_AlwaysRefresh":false,"showFog":true,"showSkybox":true,"showFlares":true,"showImageEffects":true,"showParticleSystems":true,"showVisualEffectGraphs":true,"m_FxEnabled":true},"in2DMode":false,"pivot":{"x":-12.237150192260743,"y":1.3291079998016358,"z":20.016551971435548},"rotation":{"x":0.25366178154945376,"y":0.05278068035840988,"z":-0.014048274606466294,"w":0.9659531712532044},"size":3.13580060005188,"orthographic":false}